6618158|Acer Chromebook Plus 516 Laptop 16"|349.00|Computers
6613893|Apple iPhone 11 64GB (Unlocked)|249.99|Cell Phones
J3PFCJQRH3|Roku 55" 4K HDR Smart TV|259.99|TV & Home Theater
J3QG2SQP89|iFixit Essential Electronics Toolkit|29.99|Accessories
J3WSK7SGVZ|Edifier S2000MKIII Bluetooth Speakers|699.99|Audio
J3WSK7S9FT|Edifier ES20 Portable Speaker|89.99|Audio
J3WZVF8Y47|MartinLogan ElectroMotion Floor Speaker|1399.99|Audio
J3WSK7S98J|Edifier QR65 Multimedia Speakers|369.99|Audio
6597397|Lenovo Duet Chromebook 11" 2-in-1|249.00|Computers
6590093|HP Envy 6155e All-in-One Printer|119.99|Printers
XP4200SKU|Epson Expression Home XP-4200 Printer|59.99|Printers
FTV4K001|Amazon Fire TV Stick 4K|33.99|Streaming Devices
FTVHD002|Amazon Fire TV Stick HD|19.99|Streaming Devices
ROKUHD003|Roku Streaming Stick HD|24.99|Streaming Devices
JBLGRIP01|JBL Grip Portable Bluetooth Speaker|99.99|Audio
SWLITE32|Nintendo Switch Lite Console|229.99|Gaming
SWITCH200|Nintendo Switch 2 Console|449.99|Gaming
APLWSE3|Apple Watch SE (3rd Gen)|249.00|Wearable Tech
CANR10KIT|Canon EOS R10 Mirrorless Camera Kit|1279.99|Cameras
BOSEQC45|Bose QuietComfort Headphones|199.99|Audio
